{
  "products": [
    {
      "name": "PC Lenovo",
      "price": "2500",
      "img": "product1.webp",
      "like": 0,
      "quantity": "20",
      "description": "Le lorem ipsum est, en imprimerie, une suite de mots sans signification utilisée à titre provisoire pour calibrer une mise en page, le texte définitif venant remplacer le faux-texte dès qu'il est prêt ou que la mise en page est achevée. Généralement, on utilise un texte en faux latin, le Lorem ipsum ou Lipsum.",
      "id": 1
    },
    {
      "name": "Mouse",
      "price": "40",
      "img": "product2.jpg",
      "like": 0,
      "quantity": "10",
      "description": "Le lorem ipsum est, en imprimerie, une suite de mots sans signification utilisée à titre provisoire pour calibrer une mise en page, le texte définitif venant remplacer le faux-texte dès qu'il est prêt ou que la mise en page est achevée. Généralement, on utilise un texte en faux latin, le Lorem ipsum ou Lipsum.",
      "id": 2
    },
    {
      "name": "Keyboard",
      "price": "50",
      "img": "product3.jpg",
      "like": 0,
      "quantity": "400",
      "description": "Le lorem ipsum est, en imprimerie, une suite de mots sans signification utilisée à titre provisoire pour calibrer une mise en page, le texte définitif venant remplacer le faux-texte dès qu'il est prêt ou que la mise en page est achevée. Généralement, on utilise un texte en faux latin, le Lorem ipsum ou Lipsum.",
      "id": 3
    }
  ]
}